report_month,report_month_label,race_ethnicity,deaths
2024-01-01,2024-01,American Indian/Alaska Native,120.0
2024-01-01,2024-01,Asian,3160.0
2024-01-01,2024-01,Black,2204.0
2024-01-01,2024-01,Hawaiian/Pacific Islander,123.0
2024-01-01,2024-01,Hispanic,6217.0
2024-01-01,2024-01,Multi-Race,267.0
2024-01-01,2024-01,Other/Unknown,231.0
2024-01-01,2024-01,White,15406.0
2024-02-01,2024-02,American Indian/Alaska Native,127.0
2024-02-01,2024-02,Asian,2659.0
2024-02-01,2024-02,Black,1918.0
2024-02-01,2024-02,Hawaiian/Pacific Islander,89.0
2024-02-01,2024-02,Hispanic,5418.0
2024-02-01,2024-02,Multi-Race,242.0
2024-02-01,2024-02,Other/Unknown,210.0
2024-02-01,2024-02,White,13079.0
2024-03-01,2024-03,American Indian/Alaska Native,131.0
2024-03-01,2024-03,Asian,2761.0
2024-03-01,2024-03,Black,1885.0
2024-03-01,2024-03,Hawaiian/Pacific Islander,107.0
2024-03-01,2024-03,Hispanic,5513.0
2024-03-01,2024-03,Multi-Race,244.0
2024-03-01,2024-03,Other/Unknown,223.0
2024-03-01,2024-03,White,13695.0
2024-04-01,2024-04,American Indian/Alaska Native,100.0
2024-04-01,2024-04,Asian,2632.0
2024-04-01,2024-04,Black,1884.0
2024-04-01,2024-04,Hawaiian/Pacific Islander,92.0
2024-04-01,2024-04,Hispanic,5254.0
2024-04-01,2024-04,Multi-Race,296.0
2024-04-01,2024-04,Other/Unknown,229.0
2024-04-01,2024-04,White,13091.0
2024-05-01,2024-05,American Indian/Alaska Native,116.0
2024-05-01,2024-05,Asian,2680.0
2024-05-01,2024-05,Black,1791.0
2024-05-01,2024-05,Hawaiian/Pacific Islander,97.0
2024-05-01,2024-05,Hispanic,5362.0
2024-05-01,2024-05,Multi-Race,268.0
2024-05-01,2024-05,Other/Unknown,212.0
2024-05-01,2024-05,White,13297.0
2024-06-01,2024-06,American Indian/Alaska Native,107.0
2024-06-01,2024-06,Asian,2596.0
2024-06-01,2024-06,Black,1799.0
2024-06-01,2024-06,Hawaiian/Pacific Islander,108.0
2024-06-01,2024-06,Hispanic,5379.0
2024-06-01,2024-06,Multi-Race,274.0
2024-06-01,2024-06,Other/Unknown,200.0
2024-06-01,2024-06,White,12822.0
2024-07-01,2024-07,American Indian/Alaska Native,118.0
2024-07-01,2024-07,Asian,2670.0
2024-07-01,2024-07,Black,1822.0
2024-07-01,2024-07,Hawaiian/Pacific Islander,109.0
2024-07-01,2024-07,Hispanic,5506.0
2024-07-01,2024-07,Multi-Race,242.0
2024-07-01,2024-07,Other/Unknown,260.0
2024-07-01,2024-07,White,13310.0
2024-08-01,2024-08,American Indian/Alaska Native,126.0
2024-08-01,2024-08,Asian,2598.0
2024-08-01,2024-08,Black,1851.0
2024-08-01,2024-08,Hawaiian/Pacific Islander,95.0
2024-08-01,2024-08,Hispanic,5313.0
2024-08-01,2024-08,Multi-Race,272.0
2024-08-01,2024-08,Other/Unknown,187.0
2024-08-01,2024-08,White,13077.0
2024-09-01,2024-09,American Indian/Alaska Native,93.0
2024-09-01,2024-09,Asian,2530.0
2024-09-01,2024-09,Black,1736.0
2024-09-01,2024-09,Hawaiian/Pacific Islander,86.0
2024-09-01,2024-09,Hispanic,5287.0
2024-09-01,2024-09,Multi-Race,250.0
2024-09-01,2024-09,Other/Unknown,195.0
2024-09-01,2024-09,White,12362.0
2024-10-01,2024-10,American Indian/Alaska Native,99.0
2024-10-01,2024-10,Asian,2641.0
2024-10-01,2024-10,Black,1886.0
2024-10-01,2024-10,Hawaiian/Pacific Islander,99.0
2024-10-01,2024-10,Hispanic,5320.0
2024-10-01,2024-10,Multi-Race,285.0
2024-10-01,2024-10,Other/Unknown,220.0
2024-10-01,2024-10,White,12823.0
2024-11-01,2024-11,American Indian/Alaska Native,145.0
2024-11-01,2024-11,Asian,2667.0
2024-11-01,2024-11,Black,1871.0
2024-11-01,2024-11,Hawaiian/Pacific Islander,106.0
2024-11-01,2024-11,Hispanic,5690.0
2024-11-01,2024-11,Multi-Race,277.0
2024-11-01,2024-11,Other/Unknown,231.0
2024-11-01,2024-11,White,13102.0
2024-12-01,2024-12,American Indian/Alaska Native,147.0
2024-12-01,2024-12,Asian,3033.0
2024-12-01,2024-12,Black,2037.0
2024-12-01,2024-12,Hawaiian/Pacific Islander,130.0
2024-12-01,2024-12,Hispanic,6050.0
2024-12-01,2024-12,Multi-Race,264.0
2024-12-01,2024-12,Other/Unknown,242.0
2024-12-01,2024-12,White,14398.0
2025-01-01,2025-01,American Indian/Alaska Native,116.0
2025-01-01,2025-01,Asian,3416.0
2025-01-01,2025-01,Black,2269.0
2025-01-01,2025-01,Hawaiian/Pacific Islander,120.0
2025-01-01,2025-01,Hispanic,6657.0
2025-01-01,2025-01,Multi-Race,311.0
2025-01-01,2025-01,Other/Unknown,317.0
2025-01-01,2025-01,White,15749.0
2025-02-01,2025-02,American Indian/Alaska Native,105.0
2025-02-01,2025-02,Asian,3032.0
2025-02-01,2025-02,Black,1814.0
2025-02-01,2025-02,Hawaiian/Pacific Islander,110.0
2025-02-01,2025-02,Hispanic,5680.0
2025-02-01,2025-02,Multi-Race,244.0
2025-02-01,2025-02,Other/Unknown,239.0
2025-02-01,2025-02,White,13803.0
2025-03-01,2025-03,American Indian/Alaska Native,137.0
2025-03-01,2025-03,Asian,2900.0
2025-03-01,2025-03,Black,1967.0
2025-03-01,2025-03,Hawaiian/Pacific Islander,109.0
2025-03-01,2025-03,Hispanic,5804.0
2025-03-01,2025-03,Multi-Race,290.0
2025-03-01,2025-03,Other/Unknown,226.0
2025-03-01,2025-03,White,13723.0
2025-04-01,2025-04,American Indian/Alaska Native,119.0
2025-04-01,2025-04,Asian,2690.0
2025-04-01,2025-04,Black,1798.0
2025-04-01,2025-04,Hawaiian/Pacific Islander,103.0
2025-04-01,2025-04,Hispanic,5395.0
2025-04-01,2025-04,Multi-Race,237.0
2025-04-01,2025-04,Other/Unknown,228.0
2025-04-01,2025-04,White,12840.0
2025-05-01,2025-05,American Indian/Alaska Native,102.0
2025-05-01,2025-05,Asian,2736.0
2025-05-01,2025-05,Black,1846.0
2025-05-01,2025-05,Hawaiian/Pacific Islander,101.0
2025-05-01,2025-05,Hispanic,5520.0
2025-05-01,2025-05,Multi-Race,275.0
2025-05-01,2025-05,Other/Unknown,214.0
2025-05-01,2025-05,White,13241.0
2025-06-01,2025-06,American Indian/Alaska Native,117.0
2025-06-01,2025-06,Asian,2652.0
2025-06-01,2025-06,Black,1752.0
2025-06-01,2025-06,Hawaiian/Pacific Islander,91.0
2025-06-01,2025-06,Hispanic,5180.0
2025-06-01,2025-06,Multi-Race,210.0
2025-06-01,2025-06,Other/Unknown,197.0
2025-06-01,2025-06,White,12225.0
2025-07-01,2025-07,American Indian/Alaska Native,119.0
2025-07-01,2025-07,Asian,2595.0
2025-07-01,2025-07,Black,1723.0
2025-07-01,2025-07,Hawaiian/Pacific Islander,109.0
2025-07-01,2025-07,Hispanic,5278.0
2025-07-01,2025-07,Multi-Race,298.0
2025-07-01,2025-07,Other/Unknown,236.0
2025-07-01,2025-07,White,12416.0
2025-08-01,2025-08,American Indian/Alaska Native,94.0
2025-08-01,2025-08,Asian,2682.0
2025-08-01,2025-08,Black,1846.0
2025-08-01,2025-08,Hawaiian/Pacific Islander,84.0
2025-08-01,2025-08,Hispanic,5397.0
2025-08-01,2025-08,Multi-Race,270.0
2025-08-01,2025-08,Other/Unknown,200.0
2025-08-01,2025-08,White,12575.0
2025-09-01,2025-09,American Indian/Alaska Native,95.0
2025-09-01,2025-09,Asian,2395.0
2025-09-01,2025-09,Black,1693.0
2025-09-01,2025-09,Hawaiian/Pacific Islander,95.0
2025-09-01,2025-09,Hispanic,5131.0
2025-09-01,2025-09,Multi-Race,230.0
2025-09-01,2025-09,Other/Unknown,221.0
2025-09-01,2025-09,White,12120.0
2025-10-01,2025-10,American Indian/Alaska Native,106.0
2025-10-01,2025-10,Asian,2661.0
2025-10-01,2025-10,Black,1777.0
2025-10-01,2025-10,Hawaiian/Pacific Islander,100.0
2025-10-01,2025-10,Hispanic,5318.0
2025-10-01,2025-10,Multi-Race,228.0
2025-10-01,2025-10,Other/Unknown,234.0
2025-10-01,2025-10,White,12570.0
2025-11-01,2025-11,American Indian/Alaska Native,120.0
2025-11-01,2025-11,Asian,2574.0
2025-11-01,2025-11,Black,1773.0
2025-11-01,2025-11,Hawaiian/Pacific Islander,97.0
2025-11-01,2025-11,Hispanic,5111.0
2025-11-01,2025-11,Multi-Race,256.0
2025-11-01,2025-11,Other/Unknown,251.0
2025-11-01,2025-11,White,12418.0
2025-12-01,2025-12,American Indian/Alaska Native,121.0
2025-12-01,2025-12,Asian,2994.0
2025-12-01,2025-12,Black,1858.0
2025-12-01,2025-12,Hawaiian/Pacific Islander,97.0
2025-12-01,2025-12,Hispanic,5737.0
2025-12-01,2025-12,Multi-Race,259.0
2025-12-01,2025-12,Other/Unknown,280.0
2025-12-01,2025-12,White,13516.0
2026-01-01,2026-01,American Indian/Alaska Native,132.0
2026-01-01,2026-01,Asian,3080.0
2026-01-01,2026-01,Black,1759.0
2026-01-01,2026-01,Hawaiian/Pacific Islander,109.0
2026-01-01,2026-01,Hispanic,5740.0
2026-01-01,2026-01,Multi-Race,264.0
2026-01-01,2026-01,Other/Unknown,272.0
2026-01-01,2026-01,White,13670.0
