_id,Year,Month,Geography_Type,Strata,Strata_Name,Cause,Cause_Desc,ICD_Revision,Count,Annotation_Code,Annotation_Desc,Data_Extract_Date,Data_Revision_Date,report_month,data_extract_date,data_revision_date,is_suppressed,suppression_type,count_numeric,is_total_population,is_all_cause,report_month_label
2,2024,1,Occurrence,Age,Under 1 year,ALL,All causes (total),ICD-10,132.0,,,02/17/2026,02/17/2026,2024-01-01,2026-02-17,2026-02-17,False,,132.0,False,True,2024-01
3,2024,1,Occurrence,Age,1-4 years,ALL,All causes (total),ICD-10,24.0,,,02/17/2026,02/17/2026,2024-01-01,2026-02-17,2026-02-17,False,,24.0,False,True,2024-01
4,2024,1,Occurrence,Age,5-14 years,ALL,All causes (total),ICD-10,53.0,,,02/17/2026,02/17/2026,2024-01-01,2026-02-17,2026-02-17,False,,53.0,False,True,2024-01
5,2024,1,Occurrence,Age,15-24 years,ALL,All causes (total),ICD-10,264.0,,,02/17/2026,02/17/2026,2024-01-01,2026-02-17,2026-02-17,False,,264.0,False,True,2024-01
6,2024,1,Occurrence,Age,25-34 years,ALL,All causes (total),ICD-10,581.0,,,02/17/2026,02/17/2026,2024-01-01,2026-02-17,2026-02-17,False,,581.0,False,True,2024-01
7,2024,1,Occurrence,Age,35-44 years,ALL,All causes (total),ICD-10,930.0,,,02/17/2026,02/17/2026,2024-01-01,2026-02-17,2026-02-17,False,,930.0,False,True,2024-01
8,2024,1,Occurrence,Age,45-54 years,ALL,All causes (total),ICD-10,1440.0,,,02/17/2026,02/17/2026,2024-01-01,2026-02-17,2026-02-17,False,,1440.0,False,True,2024-01
9,2024,1,Occurrence,Age,55-64 years,ALL,All causes (total),ICD-10,3133.0,,,02/17/2026,02/17/2026,2024-01-01,2026-02-17,2026-02-17,False,,3133.0,False,True,2024-01
10,2024,1,Occurrence,Age,65-74 years,ALL,All causes (total),ICD-10,5315.0,,,02/17/2026,02/17/2026,2024-01-01,2026-02-17,2026-02-17,False,,5315.0,False,True,2024-01
11,2024,1,Occurrence,Age,75-84 years,ALL,All causes (total),ICD-10,6823.0,,,02/17/2026,02/17/2026,2024-01-01,2026-02-17,2026-02-17,False,,6823.0,False,True,2024-01
12,2024,1,Occurrence,Age,85 years and over,ALL,All causes (total),ICD-10,9030.0,,,02/17/2026,02/17/2026,2024-01-01,2026-02-17,2026-02-17,False,,9030.0,False,True,2024-01
184,2024,2,Occurrence,Age,Under 1 year,ALL,All causes (total),ICD-10,132.0,,,02/17/2026,02/17/2026,2024-02-01,2026-02-17,2026-02-17,False,,132.0,False,True,2024-02
185,2024,2,Occurrence,Age,1-4 years,ALL,All causes (total),ICD-10,26.0,,,02/17/2026,02/17/2026,2024-02-01,2026-02-17,2026-02-17,False,,26.0,False,True,2024-02
186,2024,2,Occurrence,Age,5-14 years,ALL,All causes (total),ICD-10,55.0,,,02/17/2026,02/17/2026,2024-02-01,2026-02-17,2026-02-17,False,,55.0,False,True,2024-02
187,2024,2,Occurrence,Age,15-24 years,ALL,All causes (total),ICD-10,205.0,,,02/17/2026,02/17/2026,2024-02-01,2026-02-17,2026-02-17,False,,205.0,False,True,2024-02
188,2024,2,Occurrence,Age,25-34 years,ALL,All causes (total),ICD-10,545.0,,,02/17/2026,02/17/2026,2024-02-01,2026-02-17,2026-02-17,False,,545.0,False,True,2024-02
189,2024,2,Occurrence,Age,35-44 years,ALL,All causes (total),ICD-10,837.0,,,02/17/2026,02/17/2026,2024-02-01,2026-02-17,2026-02-17,False,,837.0,False,True,2024-02
190,2024,2,Occurrence,Age,45-54 years,ALL,All causes (total),ICD-10,1308.0,,,02/17/2026,02/17/2026,2024-02-01,2026-02-17,2026-02-17,False,,1308.0,False,True,2024-02
191,2024,2,Occurrence,Age,55-64 years,ALL,All causes (total),ICD-10,2696.0,,,02/17/2026,02/17/2026,2024-02-01,2026-02-17,2026-02-17,False,,2696.0,False,True,2024-02
192,2024,2,Occurrence,Age,65-74 years,ALL,All causes (total),ICD-10,4447.0,,,02/17/2026,02/17/2026,2024-02-01,2026-02-17,2026-02-17,False,,4447.0,False,True,2024-02
193,2024,2,Occurrence,Age,75-84 years,ALL,All causes (total),ICD-10,5984.0,,,02/17/2026,02/17/2026,2024-02-01,2026-02-17,2026-02-17,False,,5984.0,False,True,2024-02
194,2024,2,Occurrence,Age,85 years and over,ALL,All causes (total),ICD-10,7500.0,,,02/17/2026,02/17/2026,2024-02-01,2026-02-17,2026-02-17,False,,7500.0,False,True,2024-02
366,2024,3,Occurrence,Age,Under 1 year,ALL,All causes (total),ICD-10,150.0,,,02/17/2026,02/17/2026,2024-03-01,2026-02-17,2026-02-17,False,,150.0,False,True,2024-03
367,2024,3,Occurrence,Age,1-4 years,ALL,All causes (total),ICD-10,16.0,,,02/17/2026,02/17/2026,2024-03-01,2026-02-17,2026-02-17,False,,16.0,False,True,2024-03
368,2024,3,Occurrence,Age,5-14 years,ALL,All causes (total),ICD-10,54.0,,,02/17/2026,02/17/2026,2024-03-01,2026-02-17,2026-02-17,False,,54.0,False,True,2024-03
369,2024,3,Occurrence,Age,15-24 years,ALL,All causes (total),ICD-10,229.0,,,02/17/2026,02/17/2026,2024-03-01,2026-02-17,2026-02-17,False,,229.0,False,True,2024-03
370,2024,3,Occurrence,Age,25-34 years,ALL,All causes (total),ICD-10,581.0,,,02/17/2026,02/17/2026,2024-03-01,2026-02-17,2026-02-17,False,,581.0,False,True,2024-03
371,2024,3,Occurrence,Age,35-44 years,ALL,All causes (total),ICD-10,882.0,,,02/17/2026,02/17/2026,2024-03-01,2026-02-17,2026-02-17,False,,882.0,False,True,2024-03
372,2024,3,Occurrence,Age,45-54 years,ALL,All causes (total),ICD-10,1295.0,,,02/17/2026,02/17/2026,2024-03-01,2026-02-17,2026-02-17,False,,1295.0,False,True,2024-03
373,2024,3,Occurrence,Age,55-64 years,ALL,All causes (total),ICD-10,2761.0,,,02/17/2026,02/17/2026,2024-03-01,2026-02-17,2026-02-17,False,,2761.0,False,True,2024-03
374,2024,3,Occurrence,Age,65-74 years,ALL,All causes (total),ICD-10,4617.0,,,02/17/2026,02/17/2026,2024-03-01,2026-02-17,2026-02-17,False,,4617.0,False,True,2024-03
375,2024,3,Occurrence,Age,75-84 years,ALL,All causes (total),ICD-10,6124.0,,,02/17/2026,02/17/2026,2024-03-01,2026-02-17,2026-02-17,False,,6124.0,False,True,2024-03
376,2024,3,Occurrence,Age,85 years and over,ALL,All causes (total),ICD-10,7847.0,,,02/17/2026,02/17/2026,2024-03-01,2026-02-17,2026-02-17,False,,7847.0,False,True,2024-03
548,2024,4,Occurrence,Age,Under 1 year,ALL,All causes (total),ICD-10,149.0,,,02/17/2026,02/17/2026,2024-04-01,2026-02-17,2026-02-17,False,,149.0,False,True,2024-04
549,2024,4,Occurrence,Age,1-4 years,ALL,All causes (total),ICD-10,27.0,,,02/17/2026,02/17/2026,2024-04-01,2026-02-17,2026-02-17,False,,27.0,False,True,2024-04
550,2024,4,Occurrence,Age,5-14 years,ALL,All causes (total),ICD-10,42.0,,,02/17/2026,02/17/2026,2024-04-01,2026-02-17,2026-02-17,False,,42.0,False,True,2024-04
551,2024,4,Occurrence,Age,15-24 years,ALL,All causes (total),ICD-10,244.0,,,02/17/2026,02/17/2026,2024-04-01,2026-02-17,2026-02-17,False,,244.0,False,True,2024-04
552,2024,4,Occurrence,Age,25-34 years,ALL,All causes (total),ICD-10,526.0,,,02/17/2026,02/17/2026,2024-04-01,2026-02-17,2026-02-17,False,,526.0,False,True,2024-04
553,2024,4,Occurrence,Age,35-44 years,ALL,All causes (total),ICD-10,791.0,,,02/17/2026,02/17/2026,2024-04-01,2026-02-17,2026-02-17,False,,791.0,False,True,2024-04
554,2024,4,Occurrence,Age,45-54 years,ALL,All causes (total),ICD-10,1262.0,,,02/17/2026,02/17/2026,2024-04-01,2026-02-17,2026-02-17,False,,1262.0,False,True,2024-04
555,2024,4,Occurrence,Age,55-64 years,ALL,All causes (total),ICD-10,2694.0,,,02/17/2026,02/17/2026,2024-04-01,2026-02-17,2026-02-17,False,,2694.0,False,True,2024-04
556,2024,4,Occurrence,Age,65-74 years,ALL,All causes (total),ICD-10,4475.0,,,02/17/2026,02/17/2026,2024-04-01,2026-02-17,2026-02-17,False,,4475.0,False,True,2024-04
557,2024,4,Occurrence,Age,75-84 years,ALL,All causes (total),ICD-10,5932.0,,,02/17/2026,02/17/2026,2024-04-01,2026-02-17,2026-02-17,False,,5932.0,False,True,2024-04
558,2024,4,Occurrence,Age,85 years and over,ALL,All causes (total),ICD-10,7431.0,,,02/17/2026,02/17/2026,2024-04-01,2026-02-17,2026-02-17,False,,7431.0,False,True,2024-04
730,2024,5,Occurrence,Age,Under 1 year,ALL,All causes (total),ICD-10,133.0,,,02/17/2026,02/17/2026,2024-05-01,2026-02-17,2026-02-17,False,,133.0,False,True,2024-05
731,2024,5,Occurrence,Age,1-4 years,ALL,All causes (total),ICD-10,37.0,,,02/17/2026,02/17/2026,2024-05-01,2026-02-17,2026-02-17,False,,37.0,False,True,2024-05
732,2024,5,Occurrence,Age,5-14 years,ALL,All causes (total),ICD-10,43.0,,,02/17/2026,02/17/2026,2024-05-01,2026-02-17,2026-02-17,False,,43.0,False,True,2024-05
733,2024,5,Occurrence,Age,15-24 years,ALL,All causes (total),ICD-10,244.0,,,02/17/2026,02/17/2026,2024-05-01,2026-02-17,2026-02-17,False,,244.0,False,True,2024-05
734,2024,5,Occurrence,Age,25-34 years,ALL,All causes (total),ICD-10,517.0,,,02/17/2026,02/17/2026,2024-05-01,2026-02-17,2026-02-17,False,,517.0,False,True,2024-05
735,2024,5,Occurrence,Age,35-44 years,ALL,All causes (total),ICD-10,875.0,,,02/17/2026,02/17/2026,2024-05-01,2026-02-17,2026-02-17,False,,875.0,False,True,2024-05
736,2024,5,Occurrence,Age,45-54 years,ALL,All causes (total),ICD-10,1215.0,,,02/17/2026,02/17/2026,2024-05-01,2026-02-17,2026-02-17,False,,1215.0,False,True,2024-05
737,2024,5,Occurrence,Age,55-64 years,ALL,All causes (total),ICD-10,2700.0,,,02/17/2026,02/17/2026,2024-05-01,2026-02-17,2026-02-17,False,,2700.0,False,True,2024-05
738,2024,5,Occurrence,Age,65-74 years,ALL,All causes (total),ICD-10,4458.0,,,02/17/2026,02/17/2026,2024-05-01,2026-02-17,2026-02-17,False,,4458.0,False,True,2024-05
739,2024,5,Occurrence,Age,75-84 years,ALL,All causes (total),ICD-10,6091.0,,,02/17/2026,02/17/2026,2024-05-01,2026-02-17,2026-02-17,False,,6091.0,False,True,2024-05
740,2024,5,Occurrence,Age,85 years and over,ALL,All causes (total),ICD-10,7506.0,,,02/17/2026,02/17/2026,2024-05-01,2026-02-17,2026-02-17,False,,7506.0,False,True,2024-05
912,2024,6,Occurrence,Age,Under 1 year,ALL,All causes (total),ICD-10,155.0,,,02/17/2026,02/17/2026,2024-06-01,2026-02-17,2026-02-17,False,,155.0,False,True,2024-06
913,2024,6,Occurrence,Age,1-4 years,ALL,All causes (total),ICD-10,27.0,,,02/17/2026,02/17/2026,2024-06-01,2026-02-17,2026-02-17,False,,27.0,False,True,2024-06
914,2024,6,Occurrence,Age,5-14 years,ALL,All causes (total),ICD-10,46.0,,,02/17/2026,02/17/2026,2024-06-01,2026-02-17,2026-02-17,False,,46.0,False,True,2024-06
915,2024,6,Occurrence,Age,15-24 years,ALL,All causes (total),ICD-10,235.0,,,02/17/2026,02/17/2026,2024-06-01,2026-02-17,2026-02-17,False,,235.0,False,True,2024-06
916,2024,6,Occurrence,Age,25-34 years,ALL,All causes (total),ICD-10,579.0,,,02/17/2026,02/17/2026,2024-06-01,2026-02-17,2026-02-17,False,,579.0,False,True,2024-06
917,2024,6,Occurrence,Age,35-44 years,ALL,All causes (total),ICD-10,892.0,,,02/17/2026,02/17/2026,2024-06-01,2026-02-17,2026-02-17,False,,892.0,False,True,2024-06
918,2024,6,Occurrence,Age,45-54 years,ALL,All causes (total),ICD-10,1272.0,,,02/17/2026,02/17/2026,2024-06-01,2026-02-17,2026-02-17,False,,1272.0,False,True,2024-06
919,2024,6,Occurrence,Age,55-64 years,ALL,All causes (total),ICD-10,2634.0,,,02/17/2026,02/17/2026,2024-06-01,2026-02-17,2026-02-17,False,,2634.0,False,True,2024-06
920,2024,6,Occurrence,Age,65-74 years,ALL,All causes (total),ICD-10,4365.0,,,02/17/2026,02/17/2026,2024-06-01,2026-02-17,2026-02-17,False,,4365.0,False,True,2024-06
921,2024,6,Occurrence,Age,75-84 years,ALL,All causes (total),ICD-10,5818.0,,,02/17/2026,02/17/2026,2024-06-01,2026-02-17,2026-02-17,False,,5818.0,False,True,2024-06
922,2024,6,Occurrence,Age,85 years and over,ALL,All causes (total),ICD-10,7259.0,,,02/17/2026,02/17/2026,2024-06-01,2026-02-17,2026-02-17,False,,7259.0,False,True,2024-06
1094,2024,7,Occurrence,Age,Under 1 year,ALL,All causes (total),ICD-10,157.0,,,02/17/2026,02/17/2026,2024-07-01,2026-02-17,2026-02-17,False,,157.0,False,True,2024-07
1095,2024,7,Occurrence,Age,1-4 years,ALL,All causes (total),ICD-10,32.0,,,02/17/2026,02/17/2026,2024-07-01,2026-02-17,2026-02-17,False,,32.0,False,True,2024-07
1096,2024,7,Occurrence,Age,5-14 years,ALL,All causes (total),ICD-10,39.0,,,02/17/2026,02/17/2026,2024-07-01,2026-02-17,2026-02-17,False,,39.0,False,True,2024-07
1097,2024,7,Occurrence,Age,15-24 years,ALL,All causes (total),ICD-10,235.0,,,02/17/2026,02/17/2026,2024-07-01,2026-02-17,2026-02-17,False,,235.0,False,True,2024-07
1098,2024,7,Occurrence,Age,25-34 years,ALL,All causes (total),ICD-10,597.0,,,02/17/2026,02/17/2026,2024-07-01,2026-02-17,2026-02-17,False,,597.0,False,True,2024-07
1099,2024,7,Occurrence,Age,35-44 years,ALL,All causes (total),ICD-10,842.0,,,02/17/2026,02/17/2026,2024-07-01,2026-02-17,2026-02-17,False,,842.0,False,True,2024-07
1100,2024,7,Occurrence,Age,45-54 years,ALL,All causes (total),ICD-10,1287.0,,,02/17/2026,02/17/2026,2024-07-01,2026-02-17,2026-02-17,False,,1287.0,False,True,2024-07
1101,2024,7,Occurrence,Age,55-64 years,ALL,All causes (total),ICD-10,2787.0,,,02/17/2026,02/17/2026,2024-07-01,2026-02-17,2026-02-17,False,,2787.0,False,True,2024-07
1102,2024,7,Occurrence,Age,65-74 years,ALL,All causes (total),ICD-10,4720.0,,,02/17/2026,02/17/2026,2024-07-01,2026-02-17,2026-02-17,False,,4720.0,False,True,2024-07
1103,2024,7,Occurrence,Age,75-84 years,ALL,All causes (total),ICD-10,5916.0,,,02/17/2026,02/17/2026,2024-07-01,2026-02-17,2026-02-17,False,,5916.0,False,True,2024-07
1104,2024,7,Occurrence,Age,85 years and over,ALL,All causes (total),ICD-10,7416.0,,,02/17/2026,02/17/2026,2024-07-01,2026-02-17,2026-02-17,False,,7416.0,False,True,2024-07
1276,2024,8,Occurrence,Age,Under 1 year,ALL,All causes (total),ICD-10,129.0,,,02/17/2026,02/17/2026,2024-08-01,2026-02-17,2026-02-17,False,,129.0,False,True,2024-08
1277,2024,8,Occurrence,Age,1-4 years,ALL,All causes (total),ICD-10,20.0,,,02/17/2026,02/17/2026,2024-08-01,2026-02-17,2026-02-17,False,,20.0,False,True,2024-08
1278,2024,8,Occurrence,Age,5-14 years,ALL,All causes (total),ICD-10,42.0,,,02/17/2026,02/17/2026,2024-08-01,2026-02-17,2026-02-17,False,,42.0,False,True,2024-08
1279,2024,8,Occurrence,Age,15-24 years,ALL,All causes (total),ICD-10,238.0,,,02/17/2026,02/17/2026,2024-08-01,2026-02-17,2026-02-17,False,,238.0,False,True,2024-08
1280,2024,8,Occurrence,Age,25-34 years,ALL,All causes (total),ICD-10,494.0,,,02/17/2026,02/17/2026,2024-08-01,2026-02-17,2026-02-17,False,,494.0,False,True,2024-08
1281,2024,8,Occurrence,Age,35-44 years,ALL,All causes (total),ICD-10,854.0,,,02/17/2026,02/17/2026,2024-08-01,2026-02-17,2026-02-17,False,,854.0,False,True,2024-08
1282,2024,8,Occurrence,Age,45-54 years,ALL,All causes (total),ICD-10,1257.0,,,02/17/2026,02/17/2026,2024-08-01,2026-02-17,2026-02-17,False,,1257.0,False,True,2024-08
1283,2024,8,Occurrence,Age,55-64 years,ALL,All causes (total),ICD-10,2690.0,,,02/17/2026,02/17/2026,2024-08-01,2026-02-17,2026-02-17,False,,2690.0,False,True,2024-08
1284,2024,8,Occurrence,Age,65-74 years,ALL,All causes (total),ICD-10,4423.0,,,02/17/2026,02/17/2026,2024-08-01,2026-02-17,2026-02-17,False,,4423.0,False,True,2024-08
1285,2024,8,Occurrence,Age,75-84 years,ALL,All causes (total),ICD-10,5922.0,,,02/17/2026,02/17/2026,2024-08-01,2026-02-17,2026-02-17,False,,5922.0,False,True,2024-08
1286,2024,8,Occurrence,Age,85 years and over,ALL,All causes (total),ICD-10,7442.0,,,02/17/2026,02/17/2026,2024-08-01,2026-02-17,2026-02-17,False,,7442.0,False,True,2024-08
1458,2024,9,Occurrence,Age,Under 1 year,ALL,All causes (total),ICD-10,139.0,,,02/17/2026,02/17/2026,2024-09-01,2026-02-17,2026-02-17,False,,139.0,False,True,2024-09
1459,2024,9,Occurrence,Age,1-4 years,ALL,All causes (total),ICD-10,27.0,,,02/17/2026,02/17/2026,2024-09-01,2026-02-17,2026-02-17,False,,27.0,False,True,2024-09
1460,2024,9,Occurrence,Age,5-14 years,ALL,All causes (total),ICD-10,43.0,,,02/17/2026,02/17/2026,2024-09-01,2026-02-17,2026-02-17,False,,43.0,False,True,2024-09
1461,2024,9,Occurrence,Age,15-24 years,ALL,All causes (total),ICD-10,238.0,,,02/17/2026,02/17/2026,2024-09-01,2026-02-17,2026-02-17,False,,238.0,False,True,2024-09
1462,2024,9,Occurrence,Age,25-34 years,ALL,All causes (total),ICD-10,482.0,,,02/17/2026,02/17/2026,2024-09-01,2026-02-17,2026-02-17,False,,482.0,False,True,2024-09
1463,2024,9,Occurrence,Age,35-44 years,ALL,All causes (total),ICD-10,770.0,,,02/17/2026,02/17/2026,2024-09-01,2026-02-17,2026-02-17,False,,770.0,False,True,2024-09
1464,2024,9,Occurrence,Age,45-54 years,ALL,All causes (total),ICD-10,1227.0,,,02/17/2026,02/17/2026,2024-09-01,2026-02-17,2026-02-17,False,,1227.0,False,True,2024-09
1465,2024,9,Occurrence,Age,55-64 years,ALL,All causes (total),ICD-10,2564.0,,,02/17/2026,02/17/2026,2024-09-01,2026-02-17,2026-02-17,False,,2564.0,False,True,2024-09
1466,2024,9,Occurrence,Age,65-74 years,ALL,All causes (total),ICD-10,4219.0,,,02/17/2026,02/17/2026,2024-09-01,2026-02-17,2026-02-17,False,,4219.0,False,True,2024-09
1467,2024,9,Occurrence,Age,75-84 years,ALL,All causes (total),ICD-10,5708.0,,,02/17/2026,02/17/2026,2024-09-01,2026-02-17,2026-02-17,False,,5708.0,False,True,2024-09
1468,2024,9,Occurrence,Age,85 years and over,ALL,All causes (total),ICD-10,7109.0,,,02/17/2026,02/17/2026,2024-09-01,2026-02-17,2026-02-17,False,,7109.0,False,True,2024-09
1640,2024,10,Occurrence,Age,Under 1 year,ALL,All causes (total),ICD-10,157.0,,,02/17/2026,02/17/2026,2024-10-01,2026-02-17,2026-02-17,False,,157.0,False,True,2024-10
1641,2024,10,Occurrence,Age,1-4 years,ALL,All causes (total),ICD-10,24.0,,,02/17/2026,02/17/2026,2024-10-01,2026-02-17,2026-02-17,False,,24.0,False,True,2024-10
1642,2024,10,Occurrence,Age,5-14 years,ALL,All causes (total),ICD-10,40.0,,,02/17/2026,02/17/2026,2024-10-01,2026-02-17,2026-02-17,False,,40.0,False,True,2024-10
1643,2024,10,Occurrence,Age,15-24 years,ALL,All causes (total),ICD-10,223.0,,,02/17/2026,02/17/2026,2024-10-01,2026-02-17,2026-02-17,False,,223.0,False,True,2024-10
1644,2024,10,Occurrence,Age,25-34 years,ALL,All causes (total),ICD-10,542.0,,,02/17/2026,02/17/2026,2024-10-01,2026-02-17,2026-02-17,False,,542.0,False,True,2024-10
1645,2024,10,Occurrence,Age,35-44 years,ALL,All causes (total),ICD-10,796.0,,,02/17/2026,02/17/2026,2024-10-01,2026-02-17,2026-02-17,False,,796.0,False,True,2024-10
1646,2024,10,Occurrence,Age,45-54 years,ALL,All causes (total),ICD-10,1218.0,,,02/17/2026,02/17/2026,2024-10-01,2026-02-17,2026-02-17,False,,1218.0,False,True,2024-10
1647,2024,10,Occurrence,Age,55-64 years,ALL,All causes (total),ICD-10,2664.0,,,02/17/2026,02/17/2026,2024-10-01,2026-02-17,2026-02-17,False,,2664.0,False,True,2024-10
1648,2024,10,Occurrence,Age,65-74 years,ALL,All causes (total),ICD-10,4511.0,,,02/17/2026,02/17/2026,2024-10-01,2026-02-17,2026-02-17,False,,4511.0,False,True,2024-10
1649,2024,10,Occurrence,Age,75-84 years,ALL,All causes (total),ICD-10,5962.0,,,02/17/2026,02/17/2026,2024-10-01,2026-02-17,2026-02-17,False,,5962.0,False,True,2024-10
1650,2024,10,Occurrence,Age,85 years and over,ALL,All causes (total),ICD-10,7231.0,,,02/17/2026,02/17/2026,2024-10-01,2026-02-17,2026-02-17,False,,7231.0,False,True,2024-10
1822,2024,11,Occurrence,Age,Under 1 year,ALL,All causes (total),ICD-10,135.0,,,02/17/2026,02/17/2026,2024-11-01,2026-02-17,2026-02-17,False,,135.0,False,True,2024-11
1823,2024,11,Occurrence,Age,1-4 years,ALL,All causes (total),ICD-10,28.0,,,02/17/2026,02/17/2026,2024-11-01,2026-02-17,2026-02-17,False,,28.0,False,True,2024-11
1824,2024,11,Occurrence,Age,5-14 years,ALL,All causes (total),ICD-10,44.0,,,02/17/2026,02/17/2026,2024-11-01,2026-02-17,2026-02-17,False,,44.0,False,True,2024-11
1825,2024,11,Occurrence,Age,15-24 years,ALL,All causes (total),ICD-10,232.0,,,02/17/2026,02/17/2026,2024-11-01,2026-02-17,2026-02-17,False,,232.0,False,True,2024-11
1826,2024,11,Occurrence,Age,25-34 years,ALL,All causes (total),ICD-10,498.0,,,02/17/2026,02/17/2026,2024-11-01,2026-02-17,2026-02-17,False,,498.0,False,True,2024-11
1827,2024,11,Occurrence,Age,35-44 years,ALL,All causes (total),ICD-10,785.0,,,02/17/2026,02/17/2026,2024-11-01,2026-02-17,2026-02-17,False,,785.0,False,True,2024-11
1828,2024,11,Occurrence,Age,45-54 years,ALL,All causes (total),ICD-10,1229.0,,,02/17/2026,02/17/2026,2024-11-01,2026-02-17,2026-02-17,False,,1229.0,False,True,2024-11
1829,2024,11,Occurrence,Age,55-64 years,ALL,All causes (total),ICD-10,2627.0,,,02/17/2026,02/17/2026,2024-11-01,2026-02-17,2026-02-17,False,,2627.0,False,True,2024-11
1830,2024,11,Occurrence,Age,65-74 years,ALL,All causes (total),ICD-10,4654.0,,,02/17/2026,02/17/2026,2024-11-01,2026-02-17,2026-02-17,False,,4654.0,False,True,2024-11
1831,2024,11,Occurrence,Age,75-84 years,ALL,All causes (total),ICD-10,6360.0,,,02/17/2026,02/17/2026,2024-11-01,2026-02-17,2026-02-17,False,,6360.0,False,True,2024-11
1832,2024,11,Occurrence,Age,85 years and over,ALL,All causes (total),ICD-10,7491.0,,,02/17/2026,02/17/2026,2024-11-01,2026-02-17,2026-02-17,False,,7491.0,False,True,2024-11
2004,2024,12,Occurrence,Age,Under 1 year,ALL,All causes (total),ICD-10,129.0,,,02/17/2026,02/17/2026,2024-12-01,2026-02-17,2026-02-17,False,,129.0,False,True,2024-12
2005,2024,12,Occurrence,Age,1-4 years,ALL,All causes (total),ICD-10,38.0,,,02/17/2026,02/17/2026,2024-12-01,2026-02-17,2026-02-17,False,,38.0,False,True,2024-12
2006,2024,12,Occurrence,Age,5-14 years,ALL,All causes (total),ICD-10,59.0,,,02/17/2026,02/17/2026,2024-12-01,2026-02-17,2026-02-17,False,,59.0,False,True,2024-12
2007,2024,12,Occurrence,Age,15-24 years,ALL,All causes (total),ICD-10,222.0,,,02/17/2026,02/17/2026,2024-12-01,2026-02-17,2026-02-17,False,,222.0,False,True,2024-12
2008,2024,12,Occurrence,Age,25-34 years,ALL,All causes (total),ICD-10,522.0,,,02/17/2026,02/17/2026,2024-12-01,2026-02-17,2026-02-17,False,,522.0,False,True,2024-12
2009,2024,12,Occurrence,Age,35-44 years,ALL,All causes (total),ICD-10,835.0,,,02/17/2026,02/17/2026,2024-12-01,2026-02-17,2026-02-17,False,,835.0,False,True,2024-12
2010,2024,12,Occurrence,Age,45-54 years,ALL,All causes (total),ICD-10,1392.0,,,02/17/2026,02/17/2026,2024-12-01,2026-02-17,2026-02-17,False,,1392.0,False,True,2024-12
2011,2024,12,Occurrence,Age,55-64 years,ALL,All causes (total),ICD-10,2821.0,,,02/17/2026,02/17/2026,2024-12-01,2026-02-17,2026-02-17,False,,2821.0,False,True,2024-12
2012,2024,12,Occurrence,Age,65-74 years,ALL,All causes (total),ICD-10,5031.0,,,02/17/2026,02/17/2026,2024-12-01,2026-02-17,2026-02-17,False,,5031.0,False,True,2024-12
2013,2024,12,Occurrence,Age,75-84 years,ALL,All causes (total),ICD-10,6807.0,,,02/17/2026,02/17/2026,2024-12-01,2026-02-17,2026-02-17,False,,6807.0,False,True,2024-12
2014,2024,12,Occurrence,Age,85 years and over,ALL,All causes (total),ICD-10,8435.0,,,02/17/2026,02/17/2026,2024-12-01,2026-02-17,2026-02-17,False,,8435.0,False,True,2024-12
2186,2025,1,Occurrence,Age,Under 1 year,ALL,All causes (total),ICD-10,134.0,,,02/17/2026,02/17/2026,2025-01-01,2026-02-17,2026-02-17,False,,134.0,False,True,2025-01
2187,2025,1,Occurrence,Age,1-4 years,ALL,All causes (total),ICD-10,27.0,,,02/17/2026,02/17/2026,2025-01-01,2026-02-17,2026-02-17,False,,27.0,False,True,2025-01
2188,2025,1,Occurrence,Age,5-14 years,ALL,All causes (total),ICD-10,49.0,,,02/17/2026,02/17/2026,2025-01-01,2026-02-17,2026-02-17,False,,49.0,False,True,2025-01
2189,2025,1,Occurrence,Age,15-24 years,ALL,All causes (total),ICD-10,250.0,,,02/17/2026,02/17/2026,2025-01-01,2026-02-17,2026-02-17,False,,250.0,False,True,2025-01
2190,2025,1,Occurrence,Age,25-34 years,ALL,All causes (total),ICD-10,530.0,,,02/17/2026,02/17/2026,2025-01-01,2026-02-17,2026-02-17,False,,530.0,False,True,2025-01
2191,2025,1,Occurrence,Age,35-44 years,ALL,All causes (total),ICD-10,948.0,,,02/17/2026,02/17/2026,2025-01-01,2026-02-17,2026-02-17,False,,948.0,False,True,2025-01
2192,2025,1,Occurrence,Age,45-54 years,ALL,All causes (total),ICD-10,1458.0,,,02/17/2026,02/17/2026,2025-01-01,2026-02-17,2026-02-17,False,,1458.0,False,True,2025-01
2193,2025,1,Occurrence,Age,55-64 years,ALL,All causes (total),ICD-10,3244.0,,,02/17/2026,02/17/2026,2025-01-01,2026-02-17,2026-02-17,False,,3244.0,False,True,2025-01
2194,2025,1,Occurrence,Age,65-74 years,ALL,All causes (total),ICD-10,5429.0,,,02/17/2026,02/17/2026,2025-01-01,2026-02-17,2026-02-17,False,,5429.0,False,True,2025-01
2195,2025,1,Occurrence,Age,75-84 years,ALL,All causes (total),ICD-10,7383.0,,,02/17/2026,02/17/2026,2025-01-01,2026-02-17,2026-02-17,False,,7383.0,False,True,2025-01
2196,2025,1,Occurrence,Age,85 years and over,ALL,All causes (total),ICD-10,9500.0,,,02/17/2026,02/17/2026,2025-01-01,2026-02-17,2026-02-17,False,,9500.0,False,True,2025-01
2368,2025,2,Occurrence,Age,Under 1 year,ALL,All causes (total),ICD-10,130.0,,,02/17/2026,02/17/2026,2025-02-01,2026-02-17,2026-02-17,False,,130.0,False,True,2025-02
2369,2025,2,Occurrence,Age,1-4 years,ALL,All causes (total),ICD-10,27.0,,,02/17/2026,02/17/2026,2025-02-01,2026-02-17,2026-02-17,False,,27.0,False,True,2025-02
2370,2025,2,Occurrence,Age,5-14 years,ALL,All causes (total),ICD-10,40.0,,,02/17/2026,02/17/2026,2025-02-01,2026-02-17,2026-02-17,False,,40.0,False,True,2025-02
2371,2025,2,Occurrence,Age,15-24 years,ALL,All causes (total),ICD-10,194.0,,,02/17/2026,02/17/2026,2025-02-01,2026-02-17,2026-02-17,False,,194.0,False,True,2025-02
2372,2025,2,Occurrence,Age,25-34 years,ALL,All causes (total),ICD-10,464.0,,,02/17/2026,02/17/2026,2025-02-01,2026-02-17,2026-02-17,False,,464.0,False,True,2025-02
2373,2025,2,Occurrence,Age,35-44 years,ALL,All causes (total),ICD-10,784.0,,,02/17/2026,02/17/2026,2025-02-01,2026-02-17,2026-02-17,False,,784.0,False,True,2025-02
2374,2025,2,Occurrence,Age,45-54 years,ALL,All causes (total),ICD-10,1201.0,,,02/17/2026,02/17/2026,2025-02-01,2026-02-17,2026-02-17,False,,1201.0,False,True,2025-02
2375,2025,2,Occurrence,Age,55-64 years,ALL,All causes (total),ICD-10,2736.0,,,02/17/2026,02/17/2026,2025-02-01,2026-02-17,2026-02-17,False,,2736.0,False,True,2025-02
2376,2025,2,Occurrence,Age,65-74 years,ALL,All causes (total),ICD-10,4726.0,,,02/17/2026,02/17/2026,2025-02-01,2026-02-17,2026-02-17,False,,4726.0,False,True,2025-02
2377,2025,2,Occurrence,Age,75-84 years,ALL,All causes (total),ICD-10,6528.0,,,02/17/2026,02/17/2026,2025-02-01,2026-02-17,2026-02-17,False,,6528.0,False,True,2025-02
2378,2025,2,Occurrence,Age,85 years and over,ALL,All causes (total),ICD-10,8194.0,,,02/17/2026,02/17/2026,2025-02-01,2026-02-17,2026-02-17,False,,8194.0,False,True,2025-02
2550,2025,3,Occurrence,Age,Under 1 year,ALL,All causes (total),ICD-10,128.0,,,02/17/2026,02/17/2026,2025-03-01,2026-02-17,2026-02-17,False,,128.0,False,True,2025-03
2551,2025,3,Occurrence,Age,1-4 years,ALL,All causes (total),ICD-10,27.0,,,02/17/2026,02/17/2026,2025-03-01,2026-02-17,2026-02-17,False,,27.0,False,True,2025-03
2552,2025,3,Occurrence,Age,5-14 years,ALL,All causes (total),ICD-10,43.0,,,02/17/2026,02/17/2026,2025-03-01,2026-02-17,2026-02-17,False,,43.0,False,True,2025-03
2553,2025,3,Occurrence,Age,15-24 years,ALL,All causes (total),ICD-10,227.0,,,02/17/2026,02/17/2026,2025-03-01,2026-02-17,2026-02-17,False,,227.0,False,True,2025-03
2554,2025,3,Occurrence,Age,25-34 years,ALL,All causes (total),ICD-10,503.0,,,02/17/2026,02/17/2026,2025-03-01,2026-02-17,2026-02-17,False,,503.0,False,True,2025-03
2555,2025,3,Occurrence,Age,35-44 years,ALL,All causes (total),ICD-10,821.0,,,02/17/2026,02/17/2026,2025-03-01,2026-02-17,2026-02-17,False,,821.0,False,True,2025-03
2556,2025,3,Occurrence,Age,45-54 years,ALL,All causes (total),ICD-10,1278.0,,,02/17/2026,02/17/2026,2025-03-01,2026-02-17,2026-02-17,False,,1278.0,False,True,2025-03
2557,2025,3,Occurrence,Age,55-64 years,ALL,All causes (total),ICD-10,2698.0,,,02/17/2026,02/17/2026,2025-03-01,2026-02-17,2026-02-17,False,,2698.0,False,True,2025-03
2558,2025,3,Occurrence,Age,65-74 years,ALL,All causes (total),ICD-10,4827.0,,,02/17/2026,02/17/2026,2025-03-01,2026-02-17,2026-02-17,False,,4827.0,False,True,2025-03
2559,2025,3,Occurrence,Age,75-84 years,ALL,All causes (total),ICD-10,6594.0,,,02/17/2026,02/17/2026,2025-03-01,2026-02-17,2026-02-17,False,,6594.0,False,True,2025-03
2560,2025,3,Occurrence,Age,85 years and over,ALL,All causes (total),ICD-10,8007.0,,,02/17/2026,02/17/2026,2025-03-01,2026-02-17,2026-02-17,False,,8007.0,False,True,2025-03
2732,2025,4,Occurrence,Age,Under 1 year,ALL,All causes (total),ICD-10,131.0,,,02/17/2026,02/17/2026,2025-04-01,2026-02-17,2026-02-17,False,,131.0,False,True,2025-04
2733,2025,4,Occurrence,Age,1-4 years,ALL,All causes (total),ICD-10,31.0,,,02/17/2026,02/17/2026,2025-04-01,2026-02-17,2026-02-17,False,,31.0,False,True,2025-04
2734,2025,4,Occurrence,Age,5-14 years,ALL,All causes (total),ICD-10,39.0,,,02/17/2026,02/17/2026,2025-04-01,2026-02-17,2026-02-17,False,,39.0,False,True,2025-04
2735,2025,4,Occurrence,Age,15-24 years,ALL,All causes (total),ICD-10,222.0,,,02/17/2026,02/17/2026,2025-04-01,2026-02-17,2026-02-17,False,,222.0,False,True,2025-04
2736,2025,4,Occurrence,Age,25-34 years,ALL,All causes (total),ICD-10,463.0,,,02/17/2026,02/17/2026,2025-04-01,2026-02-17,2026-02-17,False,,463.0,False,True,2025-04
2737,2025,4,Occurrence,Age,35-44 years,ALL,All causes (total),ICD-10,795.0,,,02/17/2026,02/17/2026,2025-04-01,2026-02-17,2026-02-17,False,,795.0,False,True,2025-04
2738,2025,4,Occurrence,Age,45-54 years,ALL,All causes (total),ICD-10,1204.0,,,02/17/2026,02/17/2026,2025-04-01,2026-02-17,2026-02-17,False,,1204.0,False,True,2025-04
2739,2025,4,Occurrence,Age,55-64 years,ALL,All causes (total),ICD-10,2561.0,,,02/17/2026,02/17/2026,2025-04-01,2026-02-17,2026-02-17,False,,2561.0,False,True,2025-04
2740,2025,4,Occurrence,Age,65-74 years,ALL,All causes (total),ICD-10,4446.0,,,02/17/2026,02/17/2026,2025-04-01,2026-02-17,2026-02-17,False,,4446.0,False,True,2025-04
2741,2025,4,Occurrence,Age,75-84 years,ALL,All causes (total),ICD-10,6080.0,,,02/17/2026,02/17/2026,2025-04-01,2026-02-17,2026-02-17,False,,6080.0,False,True,2025-04
2742,2025,4,Occurrence,Age,85 years and over,ALL,All causes (total),ICD-10,7435.0,,,02/17/2026,02/17/2026,2025-04-01,2026-02-17,2026-02-17,False,,7435.0,False,True,2025-04
2914,2025,5,Occurrence,Age,Under 1 year,ALL,All causes (total),ICD-10,132.0,,,02/17/2026,02/17/2026,2025-05-01,2026-02-17,2026-02-17,False,,132.0,False,True,2025-05
2915,2025,5,Occurrence,Age,1-4 years,ALL,All causes (total),ICD-10,29.0,,,02/17/2026,02/17/2026,2025-05-01,2026-02-17,2026-02-17,False,,29.0,False,True,2025-05
2916,2025,5,Occurrence,Age,5-14 years,ALL,All causes (total),ICD-10,39.0,,,02/17/2026,02/17/2026,2025-05-01,2026-02-17,2026-02-17,False,,39.0,False,True,2025-05
2917,2025,5,Occurrence,Age,15-24 years,ALL,All causes (total),ICD-10,253.0,,,02/17/2026,02/17/2026,2025-05-01,2026-02-17,2026-02-17,False,,253.0,False,True,2025-05
2918,2025,5,Occurrence,Age,25-34 years,ALL,All causes (total),ICD-10,473.0,,,02/17/2026,02/17/2026,2025-05-01,2026-02-17,2026-02-17,False,,473.0,False,True,2025-05
2919,2025,5,Occurrence,Age,35-44 years,ALL,All causes (total),ICD-10,812.0,,,02/17/2026,02/17/2026,2025-05-01,2026-02-17,2026-02-17,False,,812.0,False,True,2025-05
2920,2025,5,Occurrence,Age,45-54 years,ALL,All causes (total),ICD-10,1259.0,,,02/17/2026,02/17/2026,2025-05-01,2026-02-17,2026-02-17,False,,1259.0,False,True,2025-05
2921,2025,5,Occurrence,Age,55-64 years,ALL,All causes (total),ICD-10,2575.0,,,02/17/2026,02/17/2026,2025-05-01,2026-02-17,2026-02-17,False,,2575.0,False,True,2025-05
2922,2025,5,Occurrence,Age,65-74 years,ALL,All causes (total),ICD-10,4634.0,,,02/17/2026,02/17/2026,2025-05-01,2026-02-17,2026-02-17,False,,4634.0,False,True,2025-05
2923,2025,5,Occurrence,Age,75-84 years,ALL,All causes (total),ICD-10,6303.0,,,02/17/2026,02/17/2026,2025-05-01,2026-02-17,2026-02-17,False,,6303.0,False,True,2025-05
2924,2025,5,Occurrence,Age,85 years and over,ALL,All causes (total),ICD-10,7520.0,,,02/17/2026,02/17/2026,2025-05-01,2026-02-17,2026-02-17,False,,7520.0,False,True,2025-05
3096,2025,6,Occurrence,Age,Under 1 year,ALL,All causes (total),ICD-10,110.0,,,02/17/2026,02/17/2026,2025-06-01,2026-02-17,2026-02-17,False,,110.0,False,True,2025-06
3097,2025,6,Occurrence,Age,1-4 years,ALL,All causes (total),ICD-10,24.0,,,02/17/2026,02/17/2026,2025-06-01,2026-02-17,2026-02-17,False,,24.0,False,True,2025-06
3098,2025,6,Occurrence,Age,5-14 years,ALL,All causes (total),ICD-10,33.0,,,02/17/2026,02/17/2026,2025-06-01,2026-02-17,2026-02-17,False,,33.0,False,True,2025-06
3099,2025,6,Occurrence,Age,15-24 years,ALL,All causes (total),ICD-10,235.0,,,02/17/2026,02/17/2026,2025-06-01,2026-02-17,2026-02-17,False,,235.0,False,True,2025-06
3100,2025,6,Occurrence,Age,25-34 years,ALL,All causes (total),ICD-10,489.0,,,02/17/2026,02/17/2026,2025-06-01,2026-02-17,2026-02-17,False,,489.0,False,True,2025-06
3101,2025,6,Occurrence,Age,35-44 years,ALL,All causes (total),ICD-10,730.0,,,02/17/2026,02/17/2026,2025-06-01,2026-02-17,2026-02-17,False,,730.0,False,True,2025-06
3102,2025,6,Occurrence,Age,45-54 years,ALL,All causes (total),ICD-10,1233.0,,,02/17/2026,02/17/2026,2025-06-01,2026-02-17,2026-02-17,False,,1233.0,False,True,2025-06
3103,2025,6,Occurrence,Age,55-64 years,ALL,All causes (total),ICD-10,2486.0,,,02/17/2026,02/17/2026,2025-06-01,2026-02-17,2026-02-17,False,,2486.0,False,True,2025-06
3104,2025,6,Occurrence,Age,65-74 years,ALL,All causes (total),ICD-10,4342.0,,,02/17/2026,02/17/2026,2025-06-01,2026-02-17,2026-02-17,False,,4342.0,False,True,2025-06
3105,2025,6,Occurrence,Age,75-84 years,ALL,All causes (total),ICD-10,5722.0,,,02/17/2026,02/17/2026,2025-06-01,2026-02-17,2026-02-17,False,,5722.0,False,True,2025-06
3106,2025,6,Occurrence,Age,85 years and over,ALL,All causes (total),ICD-10,7015.0,,,02/17/2026,02/17/2026,2025-06-01,2026-02-17,2026-02-17,False,,7015.0,False,True,2025-06
3278,2025,7,Occurrence,Age,Under 1 year,ALL,All causes (total),ICD-10,130.0,,,02/17/2026,02/17/2026,2025-07-01,2026-02-17,2026-02-17,False,,130.0,False,True,2025-07
3279,2025,7,Occurrence,Age,1-4 years,ALL,All causes (total),ICD-10,29.0,,,02/17/2026,02/17/2026,2025-07-01,2026-02-17,2026-02-17,False,,29.0,False,True,2025-07
3280,2025,7,Occurrence,Age,5-14 years,ALL,All causes (total),ICD-10,40.0,,,02/17/2026,02/17/2026,2025-07-01,2026-02-17,2026-02-17,False,,40.0,False,True,2025-07
3281,2025,7,Occurrence,Age,15-24 years,ALL,All causes (total),ICD-10,235.0,,,02/17/2026,02/17/2026,2025-07-01,2026-02-17,2026-02-17,False,,235.0,False,True,2025-07
3282,2025,7,Occurrence,Age,25-34 years,ALL,All causes (total),ICD-10,494.0,,,02/17/2026,02/17/2026,2025-07-01,2026-02-17,2026-02-17,False,,494.0,False,True,2025-07
3283,2025,7,Occurrence,Age,35-44 years,ALL,All causes (total),ICD-10,835.0,,,02/17/2026,02/17/2026,2025-07-01,2026-02-17,2026-02-17,False,,835.0,False,True,2025-07
3284,2025,7,Occurrence,Age,45-54 years,ALL,All causes (total),ICD-10,1262.0,,,02/17/2026,02/17/2026,2025-07-01,2026-02-17,2026-02-17,False,,1262.0,False,True,2025-07
3285,2025,7,Occurrence,Age,55-64 years,ALL,All causes (total),ICD-10,2488.0,,,02/17/2026,02/17/2026,2025-07-01,2026-02-17,2026-02-17,False,,2488.0,False,True,2025-07
3286,2025,7,Occurrence,Age,65-74 years,ALL,All causes (total),ICD-10,4330.0,,,02/17/2026,02/17/2026,2025-07-01,2026-02-17,2026-02-17,False,,4330.0,False,True,2025-07
3287,2025,7,Occurrence,Age,75-84 years,ALL,All causes (total),ICD-10,5896.0,,,02/17/2026,02/17/2026,2025-07-01,2026-02-17,2026-02-17,False,,5896.0,False,True,2025-07
3288,2025,7,Occurrence,Age,85 years and over,ALL,All causes (total),ICD-10,7031.0,,,02/17/2026,02/17/2026,2025-07-01,2026-02-17,2026-02-17,False,,7031.0,False,True,2025-07
3460,2025,8,Occurrence,Age,Under 1 year,ALL,All causes (total),ICD-10,134.0,,,02/17/2026,02/17/2026,2025-08-01,2026-02-17,2026-02-17,False,,134.0,False,True,2025-08
3461,2025,8,Occurrence,Age,1-4 years,ALL,All causes (total),ICD-10,26.0,,,02/17/2026,02/17/2026,2025-08-01,2026-02-17,2026-02-17,False,,26.0,False,True,2025-08
3462,2025,8,Occurrence,Age,5-14 years,ALL,All causes (total),ICD-10,33.0,,,02/17/2026,02/17/2026,2025-08-01,2026-02-17,2026-02-17,False,,33.0,False,True,2025-08
3463,2025,8,Occurrence,Age,15-24 years,ALL,All causes (total),ICD-10,234.0,,,02/17/2026,02/17/2026,2025-08-01,2026-02-17,2026-02-17,False,,234.0,False,True,2025-08
3464,2025,8,Occurrence,Age,25-34 years,ALL,All causes (total),ICD-10,474.0,,,02/17/2026,02/17/2026,2025-08-01,2026-02-17,2026-02-17,False,,474.0,False,True,2025-08
3465,2025,8,Occurrence,Age,35-44 years,ALL,All causes (total),ICD-10,886.0,,,02/17/2026,02/17/2026,2025-08-01,2026-02-17,2026-02-17,False,,886.0,False,True,2025-08
3466,2025,8,Occurrence,Age,45-54 years,ALL,All causes (total),ICD-10,1191.0,,,02/17/2026,02/17/2026,2025-08-01,2026-02-17,2026-02-17,False,,1191.0,False,True,2025-08
3467,2025,8,Occurrence,Age,55-64 years,ALL,All causes (total),ICD-10,2567.0,,,02/17/2026,02/17/2026,2025-08-01,2026-02-17,2026-02-17,False,,2567.0,False,True,2025-08
3468,2025,8,Occurrence,Age,65-74 years,ALL,All causes (total),ICD-10,4389.0,,,02/17/2026,02/17/2026,2025-08-01,2026-02-17,2026-02-17,False,,4389.0,False,True,2025-08
3469,2025,8,Occurrence,Age,75-84 years,ALL,All causes (total),ICD-10,6010.0,,,02/17/2026,02/17/2026,2025-08-01,2026-02-17,2026-02-17,False,,6010.0,False,True,2025-08
3470,2025,8,Occurrence,Age,85 years and over,ALL,All causes (total),ICD-10,7199.0,,,02/17/2026,02/17/2026,2025-08-01,2026-02-17,2026-02-17,False,,7199.0,False,True,2025-08
3642,2025,9,Occurrence,Age,Under 1 year,ALL,All causes (total),ICD-10,143.0,,,02/17/2026,02/17/2026,2025-09-01,2026-02-17,2026-02-17,False,,143.0,False,True,2025-09
3643,2025,9,Occurrence,Age,1-4 years,ALL,All causes (total),ICD-10,18.0,,,02/17/2026,02/17/2026,2025-09-01,2026-02-17,2026-02-17,False,,18.0,False,True,2025-09
3644,2025,9,Occurrence,Age,5-14 years,ALL,All causes (total),ICD-10,35.0,,,02/17/2026,02/17/2026,2025-09-01,2026-02-17,2026-02-17,False,,35.0,False,True,2025-09
3645,2025,9,Occurrence,Age,15-24 years,ALL,All causes (total),ICD-10,197.0,,,02/17/2026,02/17/2026,2025-09-01,2026-02-17,2026-02-17,False,,197.0,False,True,2025-09
3646,2025,9,Occurrence,Age,25-34 years,ALL,All causes (total),ICD-10,470.0,,,02/17/2026,02/17/2026,2025-09-01,2026-02-17,2026-02-17,False,,470.0,False,True,2025-09
3647,2025,9,Occurrence,Age,35-44 years,ALL,All causes (total),ICD-10,776.0,,,02/17/2026,02/17/2026,2025-09-01,2026-02-17,2026-02-17,False,,776.0,False,True,2025-09
3648,2025,9,Occurrence,Age,45-54 years,ALL,All causes (total),ICD-10,1162.0,,,02/17/2026,02/17/2026,2025-09-01,2026-02-17,2026-02-17,False,,1162.0,False,True,2025-09
3649,2025,9,Occurrence,Age,55-64 years,ALL,All causes (total),ICD-10,2303.0,,,02/17/2026,02/17/2026,2025-09-01,2026-02-17,2026-02-17,False,,2303.0,False,True,2025-09
3650,2025,9,Occurrence,Age,65-74 years,ALL,All causes (total),ICD-10,4309.0,,,02/17/2026,02/17/2026,2025-09-01,2026-02-17,2026-02-17,False,,4309.0,False,True,2025-09
3651,2025,9,Occurrence,Age,75-84 years,ALL,All causes (total),ICD-10,5753.0,,,02/17/2026,02/17/2026,2025-09-01,2026-02-17,2026-02-17,False,,5753.0,False,True,2025-09
3652,2025,9,Occurrence,Age,85 years and over,ALL,All causes (total),ICD-10,6811.0,,,02/17/2026,02/17/2026,2025-09-01,2026-02-17,2026-02-17,False,,6811.0,False,True,2025-09
3824,2025,10,Occurrence,Age,Under 1 year,ALL,All causes (total),ICD-10,125.0,,,02/17/2026,02/17/2026,2025-10-01,2026-02-17,2026-02-17,False,,125.0,False,True,2025-10
3825,2025,10,Occurrence,Age,1-4 years,ALL,All causes (total),ICD-10,20.0,,,02/17/2026,02/17/2026,2025-10-01,2026-02-17,2026-02-17,False,,20.0,False,True,2025-10
3826,2025,10,Occurrence,Age,5-14 years,ALL,All causes (total),ICD-10,39.0,,,02/17/2026,02/17/2026,2025-10-01,2026-02-17,2026-02-17,False,,39.0,False,True,2025-10
3827,2025,10,Occurrence,Age,15-24 years,ALL,All causes (total),ICD-10,200.0,,,02/17/2026,02/17/2026,2025-10-01,2026-02-17,2026-02-17,False,,200.0,False,True,2025-10
3828,2025,10,Occurrence,Age,25-34 years,ALL,All causes (total),ICD-10,455.0,,,02/17/2026,02/17/2026,2025-10-01,2026-02-17,2026-02-17,False,,455.0,False,True,2025-10
3829,2025,10,Occurrence,Age,35-44 years,ALL,All causes (total),ICD-10,783.0,,,02/17/2026,02/17/2026,2025-10-01,2026-02-17,2026-02-17,False,,783.0,False,True,2025-10
3830,2025,10,Occurrence,Age,45-54 years,ALL,All causes (total),ICD-10,1167.0,,,02/17/2026,02/17/2026,2025-10-01,2026-02-17,2026-02-17,False,,1167.0,False,True,2025-10
3831,2025,10,Occurrence,Age,55-64 years,ALL,All causes (total),ICD-10,2515.0,,,02/17/2026,02/17/2026,2025-10-01,2026-02-17,2026-02-17,False,,2515.0,False,True,2025-10
3832,2025,10,Occurrence,Age,65-74 years,ALL,All causes (total),ICD-10,4402.0,,,02/17/2026,02/17/2026,2025-10-01,2026-02-17,2026-02-17,False,,4402.0,False,True,2025-10
3833,2025,10,Occurrence,Age,75-84 years,ALL,All causes (total),ICD-10,5987.0,,,02/17/2026,02/17/2026,2025-10-01,2026-02-17,2026-02-17,False,,5987.0,False,True,2025-10
3834,2025,10,Occurrence,Age,85 years and over,ALL,All causes (total),ICD-10,7294.0,,,02/17/2026,02/17/2026,2025-10-01,2026-02-17,2026-02-17,False,,7294.0,False,True,2025-10
4006,2025,11,Occurrence,Age,Under 1 year,ALL,All causes (total),ICD-10,105.0,,,02/17/2026,02/17/2026,2025-11-01,2026-02-17,2026-02-17,False,,105.0,False,True,2025-11
4007,2025,11,Occurrence,Age,1-4 years,ALL,All causes (total),ICD-10,15.0,,,02/17/2026,02/17/2026,2025-11-01,2026-02-17,2026-02-17,False,,15.0,False,True,2025-11
4008,2025,11,Occurrence,Age,5-14 years,ALL,All causes (total),ICD-10,40.0,,,02/17/2026,02/17/2026,2025-11-01,2026-02-17,2026-02-17,False,,40.0,False,True,2025-11
4009,2025,11,Occurrence,Age,15-24 years,ALL,All causes (total),ICD-10,176.0,,,02/17/2026,02/17/2026,2025-11-01,2026-02-17,2026-02-17,False,,176.0,False,True,2025-11
4010,2025,11,Occurrence,Age,25-34 years,ALL,All causes (total),ICD-10,402.0,,,02/17/2026,02/17/2026,2025-11-01,2026-02-17,2026-02-17,False,,402.0,False,True,2025-11
4011,2025,11,Occurrence,Age,35-44 years,ALL,All causes (total),ICD-10,721.0,,,02/17/2026,02/17/2026,2025-11-01,2026-02-17,2026-02-17,False,,721.0,False,True,2025-11
4012,2025,11,Occurrence,Age,45-54 years,ALL,All causes (total),ICD-10,1078.0,,,02/17/2026,02/17/2026,2025-11-01,2026-02-17,2026-02-17,False,,1078.0,False,True,2025-11
4013,2025,11,Occurrence,Age,55-64 years,ALL,All causes (total),ICD-10,2385.0,,,02/17/2026,02/17/2026,2025-11-01,2026-02-17,2026-02-17,False,,2385.0,False,True,2025-11
4014,2025,11,Occurrence,Age,65-74 years,ALL,All causes (total),ICD-10,4341.0,,,02/17/2026,02/17/2026,2025-11-01,2026-02-17,2026-02-17,False,,4341.0,False,True,2025-11
4015,2025,11,Occurrence,Age,75-84 years,ALL,All causes (total),ICD-10,6025.0,,,02/17/2026,02/17/2026,2025-11-01,2026-02-17,2026-02-17,False,,6025.0,False,True,2025-11
4016,2025,11,Occurrence,Age,85 years and over,ALL,All causes (total),ICD-10,7308.0,,,02/17/2026,02/17/2026,2025-11-01,2026-02-17,2026-02-17,False,,7308.0,False,True,2025-11
4188,2025,12,Occurrence,Age,Under 1 year,ALL,All causes (total),ICD-10,122.0,,,02/17/2026,02/17/2026,2025-12-01,2026-02-17,2026-02-17,False,,122.0,False,True,2025-12
4189,2025,12,Occurrence,Age,1-4 years,ALL,All causes (total),ICD-10,15.0,,,02/17/2026,02/17/2026,2025-12-01,2026-02-17,2026-02-17,False,,15.0,False,True,2025-12
4190,2025,12,Occurrence,Age,5-14 years,ALL,All causes (total),ICD-10,51.0,,,02/17/2026,02/17/2026,2025-12-01,2026-02-17,2026-02-17,False,,51.0,False,True,2025-12
4191,2025,12,Occurrence,Age,15-24 years,ALL,All causes (total),ICD-10,189.0,,,02/17/2026,02/17/2026,2025-12-01,2026-02-17,2026-02-17,False,,189.0,False,True,2025-12
4192,2025,12,Occurrence,Age,25-34 years,ALL,All causes (total),ICD-10,449.0,,,02/17/2026,02/17/2026,2025-12-01,2026-02-17,2026-02-17,False,,449.0,False,True,2025-12
4193,2025,12,Occurrence,Age,35-44 years,ALL,All causes (total),ICD-10,772.0,,,02/17/2026,02/17/2026,2025-12-01,2026-02-17,2026-02-17,False,,772.0,False,True,2025-12
4194,2025,12,Occurrence,Age,45-54 years,ALL,All causes (total),ICD-10,1094.0,,,02/17/2026,02/17/2026,2025-12-01,2026-02-17,2026-02-17,False,,1094.0,False,True,2025-12
4195,2025,12,Occurrence,Age,55-64 years,ALL,All causes (total),ICD-10,2565.0,,,02/17/2026,02/17/2026,2025-12-01,2026-02-17,2026-02-17,False,,2565.0,False,True,2025-12
4196,2025,12,Occurrence,Age,65-74 years,ALL,All causes (total),ICD-10,4778.0,,,02/17/2026,02/17/2026,2025-12-01,2026-02-17,2026-02-17,False,,4778.0,False,True,2025-12
4197,2025,12,Occurrence,Age,75-84 years,ALL,All causes (total),ICD-10,6596.0,,,02/17/2026,02/17/2026,2025-12-01,2026-02-17,2026-02-17,False,,6596.0,False,True,2025-12
4198,2025,12,Occurrence,Age,85 years and over,ALL,All causes (total),ICD-10,8226.0,,,02/17/2026,02/17/2026,2025-12-01,2026-02-17,2026-02-17,False,,8226.0,False,True,2025-12
4370,2026,1,Occurrence,Age,Under 1 year,ALL,All causes (total),ICD-10,106.0,,,02/17/2026,02/17/2026,2026-01-01,2026-02-17,2026-02-17,False,,106.0,False,True,2026-01
4371,2026,1,Occurrence,Age,1-4 years,ALL,All causes (total),ICD-10,17.0,,,02/17/2026,02/17/2026,2026-01-01,2026-02-17,2026-02-17,False,,17.0,False,True,2026-01
4372,2026,1,Occurrence,Age,5-14 years,ALL,All causes (total),ICD-10,33.0,,,02/17/2026,02/17/2026,2026-01-01,2026-02-17,2026-02-17,False,,33.0,False,True,2026-01
4373,2026,1,Occurrence,Age,15-24 years,ALL,All causes (total),ICD-10,204.0,,,02/17/2026,02/17/2026,2026-01-01,2026-02-17,2026-02-17,False,,204.0,False,True,2026-01
4374,2026,1,Occurrence,Age,25-34 years,ALL,All causes (total),ICD-10,410.0,,,02/17/2026,02/17/2026,2026-01-01,2026-02-17,2026-02-17,False,,410.0,False,True,2026-01
4375,2026,1,Occurrence,Age,35-44 years,ALL,All causes (total),ICD-10,757.0,,,02/17/2026,02/17/2026,2026-01-01,2026-02-17,2026-02-17,False,,757.0,False,True,2026-01
4376,2026,1,Occurrence,Age,45-54 years,ALL,All causes (total),ICD-10,1213.0,,,02/17/2026,02/17/2026,2026-01-01,2026-02-17,2026-02-17,False,,1213.0,False,True,2026-01
4377,2026,1,Occurrence,Age,55-64 years,ALL,All causes (total),ICD-10,2480.0,,,02/17/2026,02/17/2026,2026-01-01,2026-02-17,2026-02-17,False,,2480.0,False,True,2026-01
4378,2026,1,Occurrence,Age,65-74 years,ALL,All causes (total),ICD-10,4646.0,,,02/17/2026,02/17/2026,2026-01-01,2026-02-17,2026-02-17,False,,4646.0,False,True,2026-01
4379,2026,1,Occurrence,Age,75-84 years,ALL,All causes (total),ICD-10,6688.0,,,02/17/2026,02/17/2026,2026-01-01,2026-02-17,2026-02-17,False,,6688.0,False,True,2026-01
4380,2026,1,Occurrence,Age,85 years and over,ALL,All causes (total),ICD-10,8468.0,,,02/17/2026,02/17/2026,2026-01-01,2026-02-17,2026-02-17,False,,8468.0,False,True,2026-01
